!Keysight Technologies,E4990A,MY54302971,A.03.06
!Date: Wed Oct 12 10:17:16 2022

BEGIN CH1_DATA
Frequency(Hz), R(Ohm)-data, X(Ohm)-data
+2.00000000000e+001, -5.55296232163e+007, -3.99172377275e+008
+1.26997500000e+003, +2.92420394975e+005, -8.63600231698e+006
+2.51995000000e+003, +1.61372186143e+005, -4.38412027473e+006
+3.76992500000e+003, +1.00910108668e+005, -2.95623220396e+006
+5.01990000000e+003, +7.01253793413e+004, -2.23138868527e+006
+6.26987500000e+003, +5.43774802411e+004, -1.79639865189e+006
+7.51985000000e+003, +4.53965177503e+004, -1.50029818851e+006
+8.76982500000e+003, +3.85832399966e+004, -1.29460757667e+006
+1.00198000000e+004, +3.41645252685e+004, -1.13334846931e+006
+1.12697750000e+004, +3.05420343740e+004, -1.00933455128e+006
+1.25197500000e+004, +2.66666437891e+004, -9.10769911774e+005
+1.37697250000e+004, +2.46704247910e+004, -8.29669480888e+005
+1.50197000000e+004, +2.16605414761e+004, -7.62533787479e+005
+1.62696750000e+004, +2.02783528966e+004, -7.05173424299e+005
+1.75196500000e+004, +1.88151202084e+004, -6.55082849288e+005
+1.87696250000e+004, +1.81216856825e+004, -6.12705771190e+005
+2.00196000000e+004, +1.68409831168e+004, -5.74464473131e+005
+2.12695750000e+004, +1.57988626821e+004, -5.41770900022e+005
+2.25195500000e+004, +1.47818110573e+004, -5.11989725616e+005
+2.37695250000e+004, +1.41893874471e+004, -4.85960347956e+005
+2.50195000000e+004, +1.32825255457e+004, -4.61763533196e+005
+2.62694750000e+004, +1.26519043151e+004, -4.40208833151e+005
+2.75194500000e+004, +1.21341487227e+004, -4.20329360006e+005
+2.87694250000e+004, +1.16110193368e+004, -4.02469661318e+005
+3.00194000000e+004, +1.10884381921e+004, -3.86149814144e+005
+3.12693750000e+004, +1.09116122931e+004, -3.71009135955e+005
+3.25193500000e+004, +1.02236098868e+004, -3.56967997125e+005
+3.37693250000e+004, +9.89090559501e+003, -3.44027650651e+005
+3.50193000000e+004, +9.49523113515e+003, -3.31895612450e+005
+3.62692750000e+004, +9.20216648315e+003, -3.20639054910e+005
+3.75192500000e+004, +8.83054538370e+003, -3.10251673976e+005
+3.87692250000e+004, +8.59888932068e+003, -3.00273478598e+005
+4.00192000000e+004, +8.10409981881e+003, -2.91272000105e+005
+4.12691750000e+004, +7.32931839081e+003, -2.83265375442e+005
+4.25191500000e+004, +8.93956672649e+003, -2.74354219783e+005
+4.37691250000e+004, +7.28187333557e+003, -2.66233173675e+005
+4.50191000000e+004, +7.50421781219e+003, -2.59422195026e+005
+4.62690750000e+004, +7.16456713039e+003, -2.52505462672e+005
+4.75190500000e+004, +7.11465730324e+003, -2.45931420083e+005
+4.87690250000e+004, +6.85685651125e+003, -2.39779940038e+005
+5.00190000000e+004, +6.70068772050e+003, -2.33862093564e+005
+5.12689750000e+004, +6.43822436828e+003, -2.28364670128e+005
+5.25189500000e+004, +6.28036358549e+003, -2.22938276148e+005
+5.37689250000e+004, +6.30131650056e+003, -2.17946884630e+005
+5.50189000000e+004, +6.03842747462e+003, -2.13052393555e+005
+5.62688750000e+004, +5.87858787648e+003, -2.08333559664e+005
+5.75188500000e+004, +5.81693351516e+003, -2.03979391825e+005
+5.87688250000e+004, +5.66715597776e+003, -1.99639712346e+005
+6.00188000000e+004, +5.49378974320e+003, -1.95580811096e+005
+6.12687750000e+004, +5.46704679204e+003, -1.91656078023e+005
+6.25187500000e+004, +5.30418578924e+003, -1.87947510837e+005
+6.37687250000e+004, +5.24593525200e+003, -1.84300743307e+005
+6.50187000000e+004, +5.14830579812e+003, -1.80811349657e+005
+6.62686750000e+004, +5.05196218354e+003, -1.77433685029e+005
+6.75186500000e+004, +4.95368899356e+003, -1.74194362873e+005
+6.87686250000e+004, +4.86379803603e+003, -1.71110871643e+005
+7.00186000000e+004, +4.79733538642e+003, -1.68116268461e+005
+7.12685750000e+004, +4.67896567312e+003, -1.65279577124e+005
+7.25185500000e+004, +4.63294593383e+003, -1.62432012410e+005
+7.37685250000e+004, +4.54159478490e+003, -1.59714210971e+005
+7.50185000000e+004, +4.45512145994e+003, -1.57126853363e+005
+7.62684750000e+004, +4.38380979926e+003, -1.54582525960e+005
+7.75184500000e+004, +4.31652798008e+003, -1.52138204490e+005
+7.87684250000e+004, +4.25472709436e+003, -1.49767683296e+005
+8.00184000000e+004, +4.20906408882e+003, -1.47459690430e+005
+8.12683750000e+004, +4.12819855314e+003, -1.45247605027e+005
+8.25183500000e+004, +4.04387330823e+003, -1.43041829300e+005
+8.37683250000e+004, +3.98178448118e+003, -1.40943062286e+005
+8.50183000000e+004, +3.93964473694e+003, -1.38932115135e+005
+8.62682750000e+004, +3.86125022268e+003, -1.36962374559e+005
+8.75182500000e+004, +3.81016308581e+003, -1.35028887080e+005
+8.87682250000e+004, +3.77219467620e+003, -1.33193120372e+005
+9.00182000000e+004, +3.69785471966e+003, -1.31350639422e+005
+9.12681750000e+004, +3.67739459903e+003, -1.29596147175e+005
+9.25181500000e+004, +3.63036829604e+003, -1.27864085542e+005
+9.37681250000e+004, +3.57672606781e+003, -1.26198614646e+005
+9.50181000000e+004, +3.52941538355e+003, -1.24579762378e+005
+9.62680750000e+004, +3.48156711817e+003, -1.22999621610e+005
+9.75180500000e+004, +3.43096772217e+003, -1.21433344189e+005
+9.87680250000e+004, +3.38069095572e+003, -1.19917636930e+005
+1.00018000000e+005, +3.34120958038e+003, -1.18457954528e+005
+1.01267975000e+005, +3.31141417605e+003, -1.16990357724e+005
+1.02517950000e+005, +3.27220753681e+003, -1.15618143979e+005
+1.03767925000e+005, +3.22671147647e+003, -1.14261429299e+005
+1.05017900000e+005, +3.19105876548e+003, -1.12917682241e+005
+1.06267875000e+005, +3.16975424091e+003, -1.11603504909e+005
+1.07517850000e+005, +3.12388809752e+003, -1.10334987992e+005
+1.08767825000e+005, +3.08158095304e+003, -1.09104790882e+005
+1.10017800000e+005, +3.04505232096e+003, -1.07878083132e+005
+1.11267775000e+005, +3.02934091424e+003, -1.06689719600e+005
+1.12517750000e+005, +2.96236312849e+003, -1.05531724408e+005
+1.13767725000e+005, +2.96557464729e+003, -1.04380776688e+005
+1.15017700000e+005, +2.93593296078e+003, -1.03280213380e+005
+1.16267675000e+005, +2.89317591949e+003, -1.02167848788e+005
+1.17517650000e+005, +2.85473795259e+003, -1.01122230259e+005
+1.18767625000e+005, +2.82632217612e+003, -1.00074768649e+005
+1.20017600000e+005, +2.78143637553e+003, -9.90387180054e+004
+1.21267575000e+005, +2.76878255864e+003, -9.80522093833e+004
+1.22517550000e+005, +2.73037349999e+003, -9.70646845152e+004
+1.23767525000e+005, +2.71339318786e+003, -9.61013856814e+004
+1.25017500000e+005, +2.72202953572e+003, -9.51395978124e+004
+1.26267475000e+005, +2.67332332639e+003, -9.42105097112e+004
+1.27517450000e+005, +2.60477643715e+003, -9.33184984426e+004
+1.28767425000e+005, +2.59930013770e+003, -9.24307540396e+004
+1.30017400000e+005, +2.56851402922e+003, -9.15654351234e+004
+1.31267375000e+005, +2.55861977512e+003, -9.06991445403e+004
+1.32517350000e+005, +2.52698454249e+003, -8.98641512893e+004
+1.33767325000e+005, +2.51015934669e+003, -8.90331339495e+004
+1.35017300000e+005, +2.48775694507e+003, -8.82387014822e+004
+1.36267275000e+005, +2.46270855367e+003, -8.74333597313e+004
+1.37517250000e+005, +2.44369349214e+003, -8.66647896323e+004
+1.38767225000e+005, +2.42162196745e+003, -8.58875349082e+004
+1.40017200000e+005, +2.40010424606e+003, -8.51315696293e+004
+1.41267175000e+005, +2.38294281101e+003, -8.43873176144e+004
+1.42517150000e+005, +2.33507332611e+003, -8.36671223552e+004
+1.43767125000e+005, +2.32039811959e+003, -8.29501890126e+004
+1.45017100000e+005, +2.31101302724e+003, -8.22388023191e+004
+1.46267075000e+005, +2.29768596477e+003, -8.15583885270e+004
+1.47517050000e+005, +2.27623976268e+003, -8.08749818797e+004
+1.48767025000e+005, +2.26290867664e+003, -8.02113453246e+004
+1.50017000000e+005, +2.24396490419e+003, -7.95650438128e+004
+1.51266975000e+005, +2.22735069435e+003, -7.89155073718e+004
+1.52516950000e+005, +2.20481864112e+003, -7.82721007730e+004
+1.53766925000e+005, +2.18573149424e+003, -7.76496340194e+004
+1.55016900000e+005, +2.18273951448e+003, -7.70309047222e+004
+1.56266875000e+005, +2.15554731942e+003, -7.64317352571e+004
+1.57516850000e+005, +2.13095388091e+003, -7.58369260987e+004
+1.58766825000e+005, +2.12653176147e+003, -7.52485470342e+004
+1.60016800000e+005, +2.10660988739e+003, -7.46720252884e+004
+1.61266775000e+005, +2.08181263184e+003, -7.41034986177e+004
+1.62516750000e+005, +2.07229389211e+003, -7.35389873427e+004
+1.63766725000e+005, +2.05574829643e+003, -7.29815418674e+004
+1.65016700000e+005, +2.04924803147e+003, -7.24539887932e+004
+1.66266675000e+005, +2.02199916361e+003, -7.19139243100e+004
+1.67516650000e+005, +2.01238649254e+003, -7.13922201756e+004
+1.68766625000e+005, +2.00713451133e+003, -7.08651077521e+004
+1.70016600000e+005, +1.98347658403e+003, -7.03618709389e+004
+1.71266575000e+005, +1.96056362743e+003, -6.98432258328e+004
+1.72516550000e+005, +1.97033344028e+003, -6.93836513471e+004
+1.73766525000e+005, +1.96257381612e+003, -6.88389452886e+004
+1.75016500000e+005, +1.93337738945e+003, -6.83741396999e+004
+1.76266475000e+005, +1.91826708908e+003, -6.79053128132e+004
+1.77516450000e+005, +1.90598527625e+003, -6.74294860126e+004
+1.78766425000e+005, +1.87092831357e+003, -6.69932136267e+004
+1.80016400000e+005, +1.88705482571e+003, -6.65127543815e+004
+1.81266375000e+005, +1.86669900318e+003, -6.60642919852e+004
+1.82516350000e+005, +1.84925113986e+003, -6.56141636349e+004
+1.83766325000e+005, +1.84057365132e+003, -6.51740530581e+004
+1.85016300000e+005, +1.83833792797e+003, -6.47512287274e+004
+1.86266275000e+005, +1.80566222534e+003, -6.43484646034e+004
+1.87516250000e+005, +1.80779592676e+003, -6.38975943008e+004
+1.88766225000e+005, +1.79317255832e+003, -6.34798972619e+004
+1.90016200000e+005, +1.77583745002e+003, -6.30765539291e+004
+1.91266175000e+005, +1.77096186194e+003, -6.26657777673e+004
+1.92516150000e+005, +1.76821304863e+003, -6.22646880698e+004
+1.93766125000e+005, +1.75076453645e+003, -6.18635635452e+004
+1.95016100000e+005, +1.74276253328e+003, -6.14897089185e+004
+1.96266075000e+005, +1.72528219106e+003, -6.11002452309e+004
+1.97516050000e+005, +1.71532038036e+003, -6.07144257129e+004
+1.98766025000e+005, +1.70770498773e+003, -6.03380315401e+004
+2.00016000000e+005, +1.69026114732e+003, -5.99707181014e+004
+2.01265975000e+005, +1.68045763980e+003, -5.96013957027e+004
+2.02515950000e+005, +1.67215331484e+003, -5.92337671324e+004
+2.03765925000e+005, +1.65938710807e+003, -5.88783792045e+004
+2.05015900000e+005, +1.64638953664e+003, -5.85275252495e+004
+2.06265875000e+005, +1.63892957694e+003, -5.81748731610e+004
+2.07515850000e+005, +1.63449522554e+003, -5.78351931972e+004
+2.08765825000e+005, +1.61573618834e+003, -5.74989713017e+004
+2.10015800000e+005, +1.61414379176e+003, -5.71602751126e+004
+2.11265775000e+005, +1.60003404640e+003, -5.68312840972e+004
+2.12515750000e+005, +1.59439313785e+003, -5.64988095891e+004
+2.13765725000e+005, +1.58457934989e+003, -5.61751941972e+004
+2.15015700000e+005, +1.56604108732e+003, -5.58448212460e+004
+2.16265675000e+005, +1.56656764451e+003, -5.55354230640e+004
+2.17515650000e+005, +1.55492871523e+003, -5.52244145503e+004
+2.18765625000e+005, +1.54443221224e+003, -5.49133309095e+004
+2.20015600000e+005, +1.54005622022e+003, -5.46090711374e+004
+2.21265575000e+005, +1.53184503177e+003, -5.43013747928e+004
+2.22515550000e+005, +1.51904644707e+003, -5.40082439795e+004
+2.23765525000e+005, +1.51651971970e+003, -5.37102331192e+004
+2.25015500000e+005, +1.50427469917e+003, -5.34200118702e+004
+2.26265475000e+005, +1.49301740060e+003, -5.31276504853e+004
+2.27515450000e+005, +1.48901362166e+003, -5.28385163448e+004
+2.28765425000e+005, +1.47729520992e+003, -5.25569137889e+004
+2.30015400000e+005, +1.47029819422e+003, -5.22773703978e+004
+2.31265375000e+005, +1.46614370848e+003, -5.19961214849e+004
+2.32515350000e+005, +1.45469325971e+003, -5.17235658969e+004
+2.33765325000e+005, +1.44987975577e+003, -5.14519529500e+004
+2.35015300000e+005, +1.43632310215e+003, -5.11858552258e+004
+2.36265275000e+005, +1.43653791261e+003, -5.09175980524e+004
+2.37515250000e+005, +1.42606757891e+003, -5.06560234549e+004
+2.38765225000e+005, +1.41972343385e+003, -5.03980107737e+004
+2.40015200000e+005, +1.40758966808e+003, -5.01340585540e+004
+2.41265175000e+005, +1.41559587171e+003, -4.98858138951e+004
+2.42515150000e+005, +1.40439924544e+003, -4.96238589831e+004
+2.43765125000e+005, +1.39505001573e+003, -4.93796442106e+004
+2.45015100000e+005, +1.38745750537e+003, -4.91314073520e+004
+2.46265075000e+005, +1.38192924238e+003, -4.88917163189e+004
+2.47515050000e+005, +1.37690336855e+003, -4.86439200136e+004
+2.48765025000e+005, +1.37112546840e+003, -4.84046242301e+004
+2.50015000000e+005, +1.36065636053e+003, -4.81666679034e+004
+2.51264975000e+005, +1.35365245142e+003, -4.79368292314e+004
+2.52514950000e+005, +1.34924646498e+003, -4.77053793734e+004
+2.53764925000e+005, +1.34687899169e+003, -4.74655734763e+004
+2.55014900000e+005, +1.33590533477e+003, -4.72298699474e+004
+2.56264875000e+005, +1.33054071131e+003, -4.70142180612e+004
+2.57514850000e+005, +1.32378963139e+003, -4.67919897422e+004
+2.58764825000e+005, +1.31874862322e+003, -4.65658449410e+004
+2.60014800000e+005, +1.31437852495e+003, -4.63512261309e+004
+2.61264775000e+005, +1.30732468065e+003, -4.61299227113e+004
+2.62514750000e+005, +1.30705112179e+003, -4.59139579809e+004
+2.63764725000e+005, +1.29717481476e+003, -4.56982882869e+004
+2.65014700000e+005, +1.29283179615e+003, -4.54866520628e+004
+2.66264675000e+005, +1.28266265707e+003, -4.52776329416e+004
+2.67514650000e+005, +1.27774192076e+003, -4.50717356221e+004
+2.68764625000e+005, +1.26964327296e+003, -4.48631557455e+004
+2.70014600000e+005, +1.26603938349e+003, -4.46639307724e+004
+2.71264575000e+005, +1.25982614230e+003, -4.44573476658e+004
+2.72514550000e+005, +1.25437206095e+003, -4.42572304652e+004
+2.73764525000e+005, +1.24644562975e+003, -4.40585552846e+004
+2.75014500000e+005, +1.24121164928e+003, -4.38650760901e+004
+2.76264475000e+005, +1.23627291645e+003, -4.36634876854e+004
+2.77514450000e+005, +1.23180058518e+003, -4.34762786203e+004
+2.78764425000e+005, +1.22965610482e+003, -4.32799619702e+004
+2.80014400000e+005, +1.21912909396e+003, -4.30899153211e+004
+2.81264375000e+005, +1.21024877495e+003, -4.29075417770e+004
+2.82514350000e+005, +1.21111090037e+003, -4.27194334711e+004
+2.83764325000e+005, +1.20935627621e+003, -4.25308550607e+004
+2.85014300000e+005, +1.19928550796e+003, -4.23545320855e+004
+2.86264275000e+005, +1.19736038076e+003, -4.21653634544e+004
+2.87514250000e+005, +1.19057334924e+003, -4.19928646780e+004
+2.88764225000e+005, +1.18532600847e+003, -4.18122795064e+004
+2.90014200000e+005, +1.17740203355e+003, -4.16277474791e+004
+2.91264175000e+005, +1.18023120687e+003, -4.14512295939e+004
+2.92514150000e+005, +1.17003545611e+003, -4.12811082770e+004
+2.93764125000e+005, +1.16696777365e+003, -4.11058602984e+004
+2.95014100000e+005, +1.16340451956e+003, -4.09386173903e+004
+2.96264075000e+005, +1.15518040348e+003, -4.07660358921e+004
+2.97514050000e+005, +1.15300622834e+003, -4.06035882663e+004
+2.98764025000e+005, +1.14872649648e+003, -4.04318644983e+004
+3.00014000000e+005, +1.14579238693e+003, -4.02654173559e+004
+3.01263975000e+005, +1.14044766829e+003, -4.01092464665e+004
+3.02513950000e+005, +1.13292961515e+003, -3.99378564295e+004
+3.03763925000e+005, +1.13164430687e+003, -3.97777203110e+004
+3.05013900000e+005, +1.12619843348e+003, -3.96219992603e+004
+3.06263875000e+005, +1.11944255731e+003, -3.94623679561e+004
+3.07513850000e+005, +1.11685029760e+003, -3.93008994870e+004
+3.08763825000e+005, +1.11395193310e+003, -3.91462532114e+004
+3.10013800000e+005, +1.10618749393e+003, -3.89906955746e+004
+3.11263775000e+005, +1.10103485644e+003, -3.88430394518e+004
+3.12513750000e+005, +1.09699754673e+003, -3.86868111060e+004
+3.13763725000e+005, +1.09581762033e+003, -3.85341954043e+004
+3.15013700000e+005, +1.08557408261e+003, -3.83823258924e+004
+3.16263675000e+005, +1.08500770472e+003, -3.82340009893e+004
+3.17513650000e+005, +1.08129697105e+003, -3.80860875489e+004
+3.18763625000e+005, +1.07931591874e+003, -3.79386474053e+004
+3.20013600000e+005, +1.07515188127e+003, -3.77935775142e+004
+3.21263575000e+005, +1.06932755492e+003, -3.76462424804e+004
+3.22513550000e+005, +1.06652182627e+003, -3.75024999380e+004
+3.23763525000e+005, +1.05997423209e+003, -3.73645220750e+004
+3.25013500000e+005, +1.05710985151e+003, -3.72222104944e+004
+3.26263475000e+005, +1.05562080328e+003, -3.70798041356e+004
+3.27513450000e+005, +1.04768518000e+003, -3.69401043220e+004
+3.28763425000e+005, +1.04517458145e+003, -3.68033919386e+004
+3.30013400000e+005, +1.04177031645e+003, -3.66666906367e+004
+3.31263375000e+005, +1.03839831966e+003, -3.65319924960e+004
+3.32513350000e+005, +1.03249419078e+003, -3.63961404185e+004
+3.33763325000e+005, +1.02893363914e+003, -3.62616396986e+004
+3.35013300000e+005, +1.02705239425e+003, -3.61288753377e+004
+3.36263275000e+005, +1.02609433079e+003, -3.59948944767e+004
+3.37513250000e+005, +1.02124228476e+003, -3.58646422842e+004
+3.38763225000e+005, +1.01379097650e+003, -3.57312151959e+004
+3.40013200000e+005, +1.01230023903e+003, -3.56008480499e+004
+3.41263175000e+005, +1.01031120087e+003, -3.54732512005e+004
+3.42513150000e+005, +1.00485200589e+003, -3.53467255358e+004
+3.43763125000e+005, +1.00360496671e+003, -3.52207986684e+004
+3.45013100000e+005, +9.97273411933e+002, -3.50933543907e+004
+3.46263075000e+005, +9.95242191584e+002, -3.49689445025e+004
+3.47513050000e+005, +9.90669508430e+002, -3.48471370711e+004
+3.48763025000e+005, +9.89604185252e+002, -3.47210762612e+004
+3.50013000000e+005, +9.85509430898e+002, -3.46002195850e+004
+3.51262975000e+005, +9.82758473680e+002, -3.44780228536e+004
+3.52512950000e+005, +9.73709204668e+002, -3.43616834833e+004
+3.53762925000e+005, +9.76084383083e+002, -3.42371644937e+004
+3.55012900000e+005, +9.69736593648e+002, -3.41208652158e+004
+3.56262875000e+005, +9.66413721253e+002, -3.40026347899e+004
+3.57512850000e+005, +9.63127521114e+002, -3.38842235890e+004
+3.58762825000e+005, +9.62570785363e+002, -3.37676099847e+004
+3.60012800000e+005, +9.56047194427e+002, -3.36486107907e+004
+3.61262775000e+005, +9.55895020338e+002, -3.35356369103e+004
+3.62512750000e+005, +9.52994728574e+002, -3.34210495013e+004
+3.63762725000e+005, +9.48766149629e+002, -3.33088679765e+004
+3.65012700000e+005, +9.46310605137e+002, -3.31933228380e+004
+3.66262675000e+005, +9.38556546884e+002, -3.30828178680e+004
+3.67512650000e+005, +9.40558985738e+002, -3.29731835247e+004
+3.68762625000e+005, +9.35207076425e+002, -3.28592814510e+004
+3.70012600000e+005, +9.31868027073e+002, -3.27527022721e+004
+3.71262575000e+005, +9.32686255035e+002, -3.26401551397e+004
+3.72512550000e+005, +9.26862491736e+002, -3.25293841941e+004
+3.73762525000e+005, +9.24962883409e+002, -3.24239735692e+004
+3.75012500000e+005, +9.21866856067e+002, -3.23215455564e+004
+3.76262475000e+005, +9.17191711636e+002, -3.22110810748e+004
+3.77512450000e+005, +9.16109562823e+002, -3.21094719817e+004
+3.78762425000e+005, +9.13004886842e+002, -3.20021040233e+004
+3.80012400000e+005, +9.10305036185e+002, -3.18956267946e+004
+3.81262375000e+005, +9.05857164687e+002, -3.17917430656e+004
+3.82512350000e+005, +9.03378182675e+002, -3.16914809224e+004
+3.83762325000e+005, +8.99824305798e+002, -3.15873179233e+004
+3.85012300000e+005, +8.96236718008e+002, -3.14896464044e+004
+3.86262275000e+005, +8.95277161140e+002, -3.13864177192e+004
+3.87512250000e+005, +8.88654294515e+002, -3.12892954290e+004
+3.88762225000e+005, +8.89624376801e+002, -3.11870397767e+004
+3.90012200000e+005, +8.87799763038e+002, -3.10883588460e+004
+3.91262175000e+005, +8.84068027940e+002, -3.09902983050e+004
+3.92512150000e+005, +8.80386259543e+002, -3.08948953506e+004
+3.93762125000e+005, +8.78992613863e+002, -3.07985261193e+004
+3.95012100000e+005, +8.74859883131e+002, -3.07000307028e+004
+3.96262075000e+005, +8.74084140085e+002, -3.06055837153e+004
+3.97512050000e+005, +8.68805762210e+002, -3.05107379766e+004
+3.98762025000e+005, +8.69383239673e+002, -3.04130097280e+004
+4.00012000000e+005, +8.68834699424e+002, -3.03211132837e+004
+4.01261975000e+005, +8.62350236449e+002, -3.02297629462e+004
+4.02511950000e+005, +8.60811779484e+002, -3.01350399554e+004
+4.03761925000e+005, +8.58368121498e+002, -3.00424634317e+004
+4.05011900000e+005, +8.55083599142e+002, -2.99513176503e+004
+4.06261875000e+005, +8.52496183081e+002, -2.98608450788e+004
+4.07511850000e+005, +8.50939606588e+002, -2.97718258308e+004
+4.08761825000e+005, +8.48871073093e+002, -2.96804676469e+004
+4.10011800000e+005, +8.45854890547e+002, -2.95915307054e+004
+4.11261775000e+005, +8.43996952043e+002, -2.95025679321e+004
+4.12511750000e+005, +8.41145036420e+002, -2.94153343560e+004
+4.13761725000e+005, +8.37588042025e+002, -2.93307916798e+004
+4.15011700000e+005, +8.35878476509e+002, -2.92382063055e+004
+4.16261675000e+005, +8.34086424609e+002, -2.91543230782e+004
+4.17511650000e+005, +8.28455584694e+002, -2.90656645632e+004
+4.18761625000e+005, +8.25537977801e+002, -2.89820043980e+004
+4.20011600000e+005, +8.23959493401e+002, -2.88962737065e+004
+4.21261575000e+005, +8.24608954081e+002, -2.88118305454e+004
+4.22511550000e+005, +8.21027554682e+002, -2.87282633252e+004
+4.23761525000e+005, +8.19705088875e+002, -2.86449144270e+004
+4.25011500000e+005, +8.15777778184e+002, -2.85610194298e+004
+4.26261475000e+005, +8.12618926692e+002, -2.84788972423e+004
+4.27511450000e+005, +8.12012312652e+002, -2.83975121385e+004
+4.28761425000e+005, +8.08168821514e+002, -2.83152542169e+004
+4.30011400000e+005, +8.07943740513e+002, -2.82344657409e+004
+4.31261375000e+005, +8.05624944615e+002, -2.81542677419e+004
+4.32511350000e+005, +8.03168744207e+002, -2.80746447760e+004
+4.33761325000e+005, +7.99243992126e+002, -2.79938452327e+004
+4.35011300000e+005, +7.98374350710e+002, -2.79149886664e+004
+4.36261275000e+005, +7.96851775740e+002, -2.78358708118e+004
+4.37511250000e+005, +7.94592489925e+002, -2.77575847108e+004
+4.38761225000e+005, +7.91965183354e+002, -2.76806932608e+004
+4.40011200000e+005, +7.89474884503e+002, -2.76028470356e+004
+4.41261175000e+005, +7.88560965515e+002, -2.75250386069e+004
+4.42511150000e+005, +7.87143457103e+002, -2.74500199490e+004
+4.43761125000e+005, +7.82727699658e+002, -2.73722020833e+004
+4.45011100000e+005, +7.81142651547e+002, -2.72991106090e+004
+4.46261075000e+005, +7.78584167989e+002, -2.72228675892e+004
+4.47511050000e+005, +7.76905333789e+002, -2.71469978040e+004
+4.48761025000e+005, +7.76491565182e+002, -2.70740499317e+004
+4.50011000000e+005, +7.72125413754e+002, -2.70008829157e+004
+4.51260975000e+005, +7.71644217711e+002, -2.69261509231e+004
+4.52510950000e+005, +7.67675501071e+002, -2.68525455594e+004
+4.53760925000e+005, +7.68934168046e+002, -2.67787590475e+004
+4.55010900000e+005, +7.63702051926e+002, -2.67056373453e+004
+4.56260875000e+005, +7.61319921603e+002, -2.66365346635e+004
+4.57510850000e+005, +7.62983868034e+002, -2.65644857187e+004
+4.58760825000e+005, +7.62079121142e+002, -2.64919049690e+004
+4.60010800000e+005, +7.55738344702e+002, -2.64206985852e+004
+4.61260775000e+005, +7.55157265541e+002, -2.63514882883e+004
+4.62510750000e+005, +7.52974027077e+002, -2.62810253983e+004
+4.63760725000e+005, +7.51109855163e+002, -2.62112134267e+004
+4.65010700000e+005, +7.50201998744e+002, -2.61420091057e+004
+4.66260675000e+005, +7.47646834391e+002, -2.60734019706e+004
+4.67510650000e+005, +7.46452125417e+002, -2.60046330125e+004
+4.68760625000e+005, +7.43277482262e+002, -2.59369460223e+004
+4.70010600000e+005, +7.42494929141e+002, -2.58703706897e+004
+4.71260575000e+005, +7.39226566418e+002, -2.58036956824e+004
+4.72510550000e+005, +7.38649510867e+002, -2.57348066178e+004
+4.73760525000e+005, +7.36575835866e+002, -2.56696380446e+004
+4.75010500000e+005, +7.33162265801e+002, -2.56016562884e+004
+4.76260475000e+005, +7.33229744456e+002, -2.55370079748e+004
+4.77510450000e+005, +7.31707062148e+002, -2.54699822188e+004
+4.78760425000e+005, +7.27053810870e+002, -2.54033750436e+004
+4.80010400000e+005, +7.27155079314e+002, -2.53407869477e+004
+4.81260375000e+005, +7.24101079320e+002, -2.52746231868e+004
+4.82510350000e+005, +7.24798980003e+002, -2.52109970882e+004
+4.83760325000e+005, +7.22908946252e+002, -2.51460005519e+004
+4.85010300000e+005, +7.21168997124e+002, -2.50828856273e+004
+4.86260275000e+005, +7.16624789148e+002, -2.50205023857e+004
+4.87510250000e+005, +7.17064736199e+002, -2.49572406296e+004
+4.88760225000e+005, +7.13124084553e+002, -2.48947917311e+004
+4.90010200000e+005, +7.15082856934e+002, -2.48313024130e+004
+4.91260175000e+005, +7.11666298157e+002, -2.47693401537e+004
+4.92510150000e+005, +7.08528670510e+002, -2.47073586832e+004
+4.93760125000e+005, +7.07896154014e+002, -2.46480780295e+004
+4.95010100000e+005, +7.06417240695e+002, -2.45850474206e+004
+4.96260075000e+005, +7.02995172858e+002, -2.45254923314e+004
+4.97510050000e+005, +7.03749895546e+002, -2.44655575851e+004
+4.98760025000e+005, +7.03179164659e+002, -2.44047905469e+004
+5.00010000000e+005, +7.01819179722e+002, -2.43449822748e+004
+5.01259975000e+005, +6.96309942845e+002, -2.42847361758e+004
+5.02509950000e+005, +6.96116795495e+002, -2.42248215426e+004
+5.03759925000e+005, +6.94703665611e+002, -2.41669853982e+004
+5.05009900000e+005, +6.94636616415e+002, -2.41068411426e+004
+5.06259875000e+005, +6.90940886953e+002, -2.40491198808e+004
+5.07509850000e+005, +6.90229765923e+002, -2.39917727387e+004
+5.08759825000e+005, +6.90318786894e+002, -2.39329387832e+004
+5.10009800000e+005, +6.85180629079e+002, -2.38763563313e+004
+5.11259775000e+005, +6.85467137933e+002, -2.38172396570e+004
+5.12509750000e+005, +6.83088544021e+002, -2.37631146215e+004
+5.13759725000e+005, +6.80715976746e+002, -2.37065703889e+004
+5.15009700000e+005, +6.80131106134e+002, -2.36500494470e+004
+5.16259675000e+005, +6.78458625059e+002, -2.35947343760e+004
+5.17509650000e+005, +6.75671073730e+002, -2.35412811205e+004
+5.18759625000e+005, +6.76111745569e+002, -2.34833423616e+004
+5.20009600000e+005, +6.73708933883e+002, -2.34268094291e+004
+5.21259575000e+005, +6.70101387214e+002, -2.33724069918e+004
+5.22509550000e+005, +6.71622489488e+002, -2.33174527168e+004
+5.23759525000e+005, +6.68814800598e+002, -2.32644400313e+004
+5.25009500000e+005, +6.73967320394e+002, -2.32023709195e+004
+5.26259475000e+005, +6.64651972826e+002, -2.31552984372e+004
+5.27509450000e+005, +6.63498239846e+002, -2.31009632542e+004
+5.28759425000e+005, +6.62591090395e+002, -2.30472504036e+004
+5.30009400000e+005, +6.61093168089e+002, -2.29961168952e+004
+5.31259375000e+005, +6.57759533541e+002, -2.29429334435e+004
+5.32509350000e+005, +6.57673768595e+002, -2.28892013431e+004
+5.33759325000e+005, +6.56649296283e+002, -2.28353171583e+004
+5.35009300000e+005, +6.54401964821e+002, -2.27853368961e+004
+5.36259275000e+005, +6.53812111207e+002, -2.27333575887e+004
+5.37509250000e+005, +6.52287703687e+002, -2.26817684078e+004
+5.38759225000e+005, +6.51132667682e+002, -2.26309211198e+004
+5.40009200000e+005, +6.50013963249e+002, -2.25790283139e+004
+5.41259175000e+005, +6.47221637208e+002, -2.25290506411e+004
+5.42509150000e+005, +6.45249337909e+002, -2.24765665804e+004
+5.43759125000e+005, +6.45842968830e+002, -2.24273983159e+004
+5.45009100000e+005, +6.43654131113e+002, -2.23771247970e+004
+5.46259075000e+005, +6.41650402231e+002, -2.23265828673e+004
+5.47509050000e+005, +6.41120915349e+002, -2.22765732431e+004
+5.48759025000e+005, +6.39134365923e+002, -2.22270772207e+004
+5.50009000000e+005, +6.37515812944e+002, -2.21785377242e+004
+5.51258975000e+005, +6.36448059160e+002, -2.21277730617e+004
+5.52508950000e+005, +6.34428746310e+002, -2.20789034756e+004
+5.53758925000e+005, +6.33610409814e+002, -2.20300232072e+004
+5.55008900000e+005, +6.32791305411e+002, -2.19814974638e+004
+5.56258875000e+005, +6.31264672676e+002, -2.19334263094e+004
+5.57508850000e+005, +6.30359642878e+002, -2.18861828974e+004
+5.58758825000e+005, +6.28330693229e+002, -2.18391621025e+004
+5.60008800000e+005, +6.28498166521e+002, -2.17912931061e+004
+5.61258775000e+005, +6.25918982006e+002, -2.17426726711e+004
+5.62508750000e+005, +6.25267397570e+002, -2.16942710621e+004
+5.63758725000e+005, +6.23216975097e+002, -2.16480309811e+004
+5.65008700000e+005, +6.20979884176e+002, -2.16020274446e+004
+5.66258675000e+005, +6.20064486110e+002, -2.15543448404e+004
+5.67508650000e+005, +6.19285985885e+002, -2.15082003894e+004
+5.68758625000e+005, +6.18524669883e+002, -2.14612706955e+004
+5.70008600000e+005, +6.17784758032e+002, -2.14159125634e+004
+5.71258575000e+005, +6.16554950743e+002, -2.13710124211e+004
+5.72508550000e+005, +6.15761053829e+002, -2.13242520997e+004
+5.73758525000e+005, +6.13487265983e+002, -2.12791513581e+004
+5.75008500000e+005, +6.13746298125e+002, -2.12340414586e+004
+5.76258475000e+005, +6.11463523847e+002, -2.11870963997e+004
+5.77508450000e+005, +6.09901137569e+002, -2.11439848466e+004
+5.78758425000e+005, +6.09139143226e+002, -2.10981468371e+004
+5.80008400000e+005, +6.05955235753e+002, -2.10544045123e+004
+5.81258375000e+005, +6.06521667189e+002, -2.10104348470e+004
+5.82508350000e+005, +6.04612753495e+002, -2.09653371478e+004
+5.83758325000e+005, +6.04134058987e+002, -2.09208812974e+004
+5.85008300000e+005, +6.02237426141e+002, -2.08779458038e+004
+5.86258275000e+005, +6.00232259552e+002, -2.08343129472e+004
+5.87508250000e+005, +5.99403369566e+002, -2.07913325420e+004
+5.88758225000e+005, +5.98063073024e+002, -2.07499509689e+004
+5.90008200000e+005, +5.97437300979e+002, -2.07056451073e+004
+5.91258175000e+005, +5.95145504714e+002, -2.06626281889e+004
+5.92508150000e+005, +5.95961405108e+002, -2.06194326724e+004
+5.93758125000e+005, +5.93799930773e+002, -2.05767692609e+004
+5.95008100000e+005, +5.92835627369e+002, -2.05339859901e+004
+5.96258075000e+005, +5.90873476542e+002, -2.04925978850e+004
+5.97508050000e+005, +5.91391765028e+002, -2.04512845092e+004
+5.98758025000e+005, +5.90099667631e+002, -2.04083628640e+004
+6.00008000000e+005, +5.88499706946e+002, -2.03674192869e+004
+6.01257975000e+005, +5.87007379557e+002, -2.03257327995e+004
+6.02507950000e+005, +5.84629496946e+002, -2.02842417893e+004
+6.03757925000e+005, +5.85216698116e+002, -2.02423709467e+004
+6.05007900000e+005, +5.83709838515e+002, -2.02025602311e+004
+6.06257875000e+005, +5.82819926486e+002, -2.01611004808e+004
+6.07507850000e+005, +5.81726164513e+002, -2.01199574415e+004
+6.08757825000e+005, +5.79548420864e+002, -2.00805763836e+004
+6.10007800000e+005, +5.79480011454e+002, -2.00389930931e+004
+6.11257775000e+005, +5.78862190549e+002, -1.99993060723e+004
+6.12507750000e+005, +5.77290551722e+002, -1.99592383484e+004
+6.13757725000e+005, +5.76318266991e+002, -1.99189042759e+004
+6.15007700000e+005, +5.74318384537e+002, -1.98789652082e+004
+6.16257675000e+005, +5.73818241077e+002, -1.98407169239e+004
+6.17507650000e+005, +5.72687339236e+002, -1.98005151771e+004
+6.18757625000e+005, +5.70195613623e+002, -1.97613107391e+004
+6.20007600000e+005, +5.70450393657e+002, -1.97222415701e+004
+6.21257575000e+005, +5.69648730884e+002, -1.96840764311e+004
+6.22507550000e+005, +5.68504696289e+002, -1.96443056908e+004
+6.23757525000e+005, +5.66516376913e+002, -1.96070887985e+004
+6.25007500000e+005, +5.64516634112e+002, -1.95686013599e+004
+6.26257475000e+005, +5.63867756497e+002, -1.95283122672e+004
+6.27507450000e+005, +5.63540899326e+002, -1.94916410237e+004
+6.28757425000e+005, +5.61721832812e+002, -1.94539538155e+004
+6.30007400000e+005, +5.61524048780e+002, -1.94155010858e+004
+6.31257375000e+005, +5.59836830516e+002, -1.93782546526e+004
+6.32507350000e+005, +5.59580931741e+002, -1.93413015214e+004
+6.33757325000e+005, +5.57374099197e+002, -1.93029458847e+004
+6.35007300000e+005, +5.57550389816e+002, -1.92659666363e+004
+6.36257275000e+005, +5.55918844901e+002, -1.92288038843e+004
+6.37507250000e+005, +5.54993130220e+002, -1.91922007084e+004
+6.38757225000e+005, +5.54628960786e+002, -1.91551115307e+004
+6.40007200000e+005, +5.53103709164e+002, -1.91196573268e+004
+6.41257175000e+005, +5.51586825877e+002, -1.90824830047e+004
+6.42507150000e+005, +5.50626347798e+002, -1.90449440567e+004
+6.43757125000e+005, +5.49034984154e+002, -1.90096249164e+004
+6.45007100000e+005, +5.48454035089e+002, -1.89736075111e+004
+6.46257075000e+005, +5.46737659197e+002, -1.89377169448e+004
+6.47507050000e+005, +5.46892561918e+002, -1.89007619021e+004
+6.48757025000e+005, +5.46412465010e+002, -1.88654804730e+004
+6.50007000000e+005, +5.45539295611e+002, -1.88301580012e+004
+6.51256975000e+005, +5.44540317327e+002, -1.87947468912e+004
+6.52506950000e+005, +5.41993297288e+002, -1.87585252132e+004
+6.53756925000e+005, +5.41963752515e+002, -1.87243166359e+004
+6.55006900000e+005, +5.42162571848e+002, -1.86890612690e+004
+6.56256875000e+005, +5.40188010474e+002, -1.86530179181e+004
+6.57506850000e+005, +5.39126066687e+002, -1.86195065014e+004
+6.58756825000e+005, +5.38092698059e+002, -1.85840269143e+004
+6.60006800000e+005, +5.38370713175e+002, -1.85500940398e+004
+6.61256775000e+005, +5.36540930613e+002, -1.85157080621e+004
+6.62506750000e+005, +5.35079677930e+002, -1.84813398003e+004
+6.63756725000e+005, +5.33817380642e+002, -1.84476455440e+004
+6.65006700000e+005, +5.33053662902e+002, -1.84133110472e+004
+6.66256675000e+005, +5.32880876979e+002, -1.83803720758e+004
+6.67506650000e+005, +5.31817641199e+002, -1.83469258987e+004
+6.68756625000e+005, +5.30787415227e+002, -1.83112300409e+004
+6.70006600000e+005, +5.29917080489e+002, -1.82786934000e+004
+6.71256575000e+005, +5.28882076542e+002, -1.82455141053e+004
+6.72506550000e+005, +5.27126611466e+002, -1.82122949255e+004
+6.73756525000e+005, +5.26122727250e+002, -1.81786906639e+004
+6.75006500000e+005, +5.25785352001e+002, -1.81465401533e+004
+6.76256475000e+005, +5.24902063755e+002, -1.81134951700e+004
+6.77506450000e+005, +5.23656888633e+002, -1.80807754231e+004
+6.78756425000e+005, +5.23575918904e+002, -1.80469072171e+004
+6.80006400000e+005, +5.22225240381e+002, -1.80145759833e+004
+6.81256375000e+005, +5.21275216923e+002, -1.79822816254e+004
+6.82506350000e+005, +5.21122857775e+002, -1.79492808641e+004
+6.83756325000e+005, +5.20325783943e+002, -1.79188857528e+004
+6.85006300000e+005, +5.18680331184e+002, -1.78848266583e+004
+6.86256275000e+005, +5.17072164891e+002, -1.78533312673e+004
+6.87506250000e+005, +5.17064533531e+002, -1.78217593102e+004
+6.88756225000e+005, +5.15374627277e+002, -1.77902166976e+004
+6.90006200000e+005, +5.15355264623e+002, -1.77590486750e+004
+6.91256175000e+005, +5.14041965250e+002, -1.77270298248e+004
+6.92506150000e+005, +5.13015599387e+002, -1.76956488983e+004
+6.93756125000e+005, +5.12936332815e+002, -1.76634469714e+004
+6.95006100000e+005, +5.11039770938e+002, -1.76329550184e+004
+6.96256075000e+005, +5.10239503140e+002, -1.76026519323e+004
+6.97506050000e+005, +5.12780268165e+002, -1.75710984504e+004
+6.98756025000e+005, +5.08791590544e+002, -1.75385033173e+004
+7.00006000000e+005, +5.08210856095e+002, -1.75088924178e+004
+7.01255975000e+005, +5.07469694263e+002, -1.74787683684e+004
+7.02505950000e+005, +5.06492335304e+002, -1.74478022823e+004
+7.03755925000e+005, +5.06088012399e+002, -1.74176801711e+004
+7.05005900000e+005, +5.04156369485e+002, -1.73877296209e+004
+7.06255875000e+005, +5.04181554363e+002, -1.73565932919e+004
+7.07505850000e+005, +5.02343343314e+002, -1.73265542090e+004
+7.08755825000e+005, +5.03155056882e+002, -1.72966007942e+004
+7.10005800000e+005, +5.01779206841e+002, -1.72669588838e+004
+7.11255775000e+005, +5.00601731113e+002, -1.72371302894e+004
+7.12505750000e+005, +4.99742794137e+002, -1.72074297755e+004
+7.13755725000e+005, +4.98656289285e+002, -1.71784108895e+004
+7.15005700000e+005, +4.98259294627e+002, -1.71484001503e+004
+7.16255675000e+005, +4.96725423505e+002, -1.71187024246e+004
+7.17505650000e+005, +4.96744102733e+002, -1.70895801164e+004
+7.18755625000e+005, +4.95645685863e+002, -1.70606784721e+004
+7.20005600000e+005, +4.96108156133e+002, -1.70315254217e+004
+7.21255575000e+005, +4.94020503738e+002, -1.70021511442e+004
+7.22505550000e+005, +4.93701766408e+002, -1.69732956826e+004
+7.23755525000e+005, +4.92544906777e+002, -1.69447418905e+004
+7.25005500000e+005, +4.91810310010e+002, -1.69152067935e+004
+7.26255475000e+005, +4.91471996926e+002, -1.68868744869e+004
+7.27505450000e+005, +4.90223586018e+002, -1.68595150099e+004
+7.28755425000e+005, +4.89657503249e+002, -1.68300995565e+004
+7.30005400000e+005, +4.89051214762e+002, -1.68022119142e+004
+7.31255375000e+005, +4.88245260043e+002, -1.67741010700e+004
+7.32505350000e+005, +4.87962533416e+002, -1.67450028475e+004
+7.33755325000e+005, +4.87306322546e+002, -1.67171818489e+004
+7.35005300000e+005, +4.86339851429e+002, -1.66900333946e+004
+7.36255275000e+005, +4.84840065723e+002, -1.66624457586e+004
+7.37505250000e+005, +4.83736060775e+002, -1.66343089118e+004
+7.38755225000e+005, +4.83189629254e+002, -1.66062517091e+004
+7.40005200000e+005, +4.82494085219e+002, -1.65794449613e+004
+7.41255175000e+005, +4.81329997949e+002, -1.65522316492e+004
+7.42505150000e+005, +4.79908815704e+002, -1.65239644919e+004
+7.43755125000e+005, +4.80212804556e+002, -1.64973724139e+004
+7.45005100000e+005, +4.79707648108e+002, -1.64699226180e+004
+7.46255075000e+005, +4.78903169159e+002, -1.64430411961e+004
+7.47505050000e+005, +4.77242355911e+002, -1.64154152442e+004
+7.48755025000e+005, +4.76803370696e+002, -1.63894968514e+004
+7.50005000000e+005, +4.76054167998e+002, -1.63628846694e+004
+7.51254975000e+005, +4.75318739309e+002, -1.63346449377e+004
+7.52504950000e+005, +4.75277617957e+002, -1.63086016081e+004
+7.53754925000e+005, +4.74299078113e+002, -1.62823452234e+004
+7.55004900000e+005, +4.73386735961e+002, -1.62552181965e+004
+7.56254875000e+005, +4.73323127063e+002, -1.62301275357e+004
+7.57504850000e+005, +4.71342003004e+002, -1.62036728338e+004
+7.58754825000e+005, +4.71139605646e+002, -1.61767140727e+004
+7.60004800000e+005, +4.69826630886e+002, -1.61515085699e+004
+7.61254775000e+005, +4.70257645849e+002, -1.61243654923e+004
+7.62504750000e+005, +4.69453202471e+002, -1.60984406277e+004
+7.63754725000e+005, +4.68593373788e+002, -1.60730722623e+004
+7.65004700000e+005, +4.67490381805e+002, -1.60471467369e+004
+7.66254675000e+005, +4.66814628284e+002, -1.60220095177e+004
+7.67504650000e+005, +4.67567873129e+002, -1.59958168830e+004
+7.68754625000e+005, +4.65754734991e+002, -1.59703142812e+004
+7.70004600000e+005, +4.64902429848e+002, -1.59443348067e+004
+7.71254575000e+005, +4.64145522458e+002, -1.59188701701e+004
+7.72504550000e+005, +4.64429218963e+002, -1.58942817812e+004
+7.73754525000e+005, +4.62071018428e+002, -1.58683601487e+004
+7.75004500000e+005, +4.62202163660e+002, -1.58441136085e+004
+7.76254475000e+005, +4.61337017429e+002, -1.58201268672e+004
+7.77504450000e+005, +4.60308735119e+002, -1.57932296749e+004
+7.78754425000e+005, +4.60101937676e+002, -1.57687187733e+004
+7.80004400000e+005, +4.59119966463e+002, -1.57442700879e+004
+7.81254375000e+005, +4.58820926414e+002, -1.57198202657e+004
+7.82504350000e+005, +4.57598221433e+002, -1.56948657773e+004
+7.83754325000e+005, +4.57599694962e+002, -1.56699503177e+004
+7.85004300000e+005, +4.56200708680e+002, -1.56461391186e+004
+7.86254275000e+005, +4.55869799842e+002, -1.56212873198e+004
+7.87504250000e+005, +4.55426035515e+002, -1.55969952307e+004
+7.88754225000e+005, +4.54817296750e+002, -1.55727453844e+004
+7.90004200000e+005, +4.53479309176e+002, -1.55483507612e+004
+7.91254175000e+005, +4.53190453412e+002, -1.55250349268e+004
+7.92504150000e+005, +4.52548288905e+002, -1.55006808897e+004
+7.93754125000e+005, +4.51931555566e+002, -1.54770520184e+004
+7.95004100000e+005, +4.50823303500e+002, -1.54532895604e+004
+7.96254075000e+005, +4.50509574262e+002, -1.54283340682e+004
+7.97504050000e+005, +4.49483988092e+002, -1.54052153451e+004
+7.98754025000e+005, +4.48952325336e+002, -1.53815036843e+004
+8.00004000000e+005, +4.48246869742e+002, -1.53584006003e+004
+8.01253975000e+005, +4.47709935770e+002, -1.53346533649e+004
+8.02503950000e+005, +4.47401387881e+002, -1.53109852422e+004
+8.03753925000e+005, +4.46672709471e+002, -1.52880710078e+004
+8.05003900000e+005, +4.45794788238e+002, -1.52644449568e+004
+8.06253875000e+005, +4.44776039496e+002, -1.52410101883e+004
+8.07503850000e+005, +4.44206847147e+002, -1.52174677492e+004
+8.08753825000e+005, +4.43633285487e+002, -1.51946097992e+004
+8.10003800000e+005, +4.43449972261e+002, -1.51715827422e+004
+8.11253775000e+005, +4.43262066544e+002, -1.51490499393e+004
+8.12503750000e+005, +4.41539507236e+002, -1.51253527091e+004
+8.13753725000e+005, +4.41384437942e+002, -1.51031514715e+004
+8.15003700000e+005, +4.40544681392e+002, -1.50807105158e+004
+8.16253675000e+005, +4.39864324675e+002, -1.50578499650e+004
+8.17503650000e+005, +4.39317673238e+002, -1.50344615744e+004
+8.18753625000e+005, +4.38167855577e+002, -1.50126125627e+004
+8.20003600000e+005, +4.38152593704e+002, -1.49901081970e+004
+8.21253575000e+005, +4.37671697500e+002, -1.49675840499e+004
+8.22503550000e+005, +4.36564133976e+002, -1.49457017414e+004
+8.23753525000e+005, +4.36160240391e+002, -1.49231287898e+004
+8.25003500000e+005, +4.35796368144e+002, -1.49007542295e+004
+8.26253475000e+005, +4.34835359367e+002, -1.48788912096e+004
+8.27503450000e+005, +4.35207562645e+002, -1.48563507821e+004
+8.28753425000e+005, +4.33802513208e+002, -1.48349401673e+004
+8.30003400000e+005, +4.33129863779e+002, -1.48121195599e+004
+8.31253375000e+005, +4.32459511218e+002, -1.47909647753e+004
+8.32503350000e+005, +4.31885491291e+002, -1.47694941579e+004
+8.33753325000e+005, +4.30544872092e+002, -1.47470276555e+004
+8.35003300000e+005, +4.30499891603e+002, -1.47255303545e+004
+8.36253275000e+005, +4.30098623988e+002, -1.47040018652e+004
+8.37503250000e+005, +4.29036556345e+002, -1.46823206672e+004
+8.38753225000e+005, +4.28790239089e+002, -1.46613811925e+004
+8.40003200000e+005, +4.28079938218e+002, -1.46397500318e+004
+8.41253175000e+005, +4.27088547782e+002, -1.46181687360e+004
+8.42503150000e+005, +4.26653300294e+002, -1.45962731232e+004
+8.43753125000e+005, +4.26313060415e+002, -1.45760569098e+004
+8.45003100000e+005, +4.25374693393e+002, -1.45546569691e+004
+8.46253075000e+005, +4.24807268150e+002, -1.45329171689e+004
+8.47503050000e+005, +4.24310734366e+002, -1.45122921312e+004
+8.48753025000e+005, +4.23964946777e+002, -1.44915623245e+004
+8.50003000000e+005, +4.23386859570e+002, -1.44704240473e+004
+8.51252975000e+005, +4.23081810739e+002, -1.44495454231e+004
+8.52502950000e+005, +4.22273266248e+002, -1.44289785276e+004
+8.53752925000e+005, +4.21223710546e+002, -1.44075841361e+004
+8.55002900000e+005, +4.21654492913e+002, -1.43870739911e+004
+8.56252875000e+005, +4.21770043575e+002, -1.43659291922e+004
+8.57502850000e+005, +4.20346617638e+002, -1.43456882416e+004
+8.58752825000e+005, +4.19287506530e+002, -1.43255843101e+004
+8.60002800000e+005, +4.18211977384e+002, -1.43060697630e+004
+8.61252775000e+005, +4.17774398838e+002, -1.42850612839e+004
+8.62502750000e+005, +4.18134102711e+002, -1.42652946458e+004
+8.63752725000e+005, +4.17562023610e+002, -1.42446853941e+004
+8.65002700000e+005, +4.17256196198e+002, -1.42242697264e+004
+8.66252675000e+005, +4.16437469035e+002, -1.42043971465e+004
+8.67502650000e+005, +4.15462262972e+002, -1.41841321557e+004
+8.68752625000e+005, +4.15597173094e+002, -1.41626456387e+004
+8.70002600000e+005, +4.14553373790e+002, -1.41441593341e+004
+8.71252575000e+005, +4.13383871037e+002, -1.41231615168e+004
+8.72502550000e+005, +4.12803464289e+002, -1.41051135229e+004
+8.73752525000e+005, +4.12169055493e+002, -1.40841308776e+004
+8.75002500000e+005, +4.12618395164e+002, -1.40651416083e+004
+8.76252475000e+005, +4.09435979003e+002, -1.40474667954e+004
+8.77502450000e+005, +4.11180839628e+002, -1.40253295087e+004
+8.78752425000e+005, +4.09959506147e+002, -1.40062489142e+004
+8.80002400000e+005, +4.09902921231e+002, -1.39863140528e+004
+8.81252375000e+005, +4.08925909438e+002, -1.39670617813e+004
+8.82502350000e+005, +4.08523060670e+002, -1.39481604786e+004
+8.83752325000e+005, +4.09396211629e+002, -1.39286193107e+004
+8.85002300000e+005, +4.07785908478e+002, -1.39090944262e+004
+8.86252275000e+005, +4.07436961462e+002, -1.38896539321e+004
+8.87502250000e+005, +4.07005799236e+002, -1.38705771384e+004
+8.88752225000e+005, +4.05937084936e+002, -1.38510346790e+004
+8.90002200000e+005, +4.05601358576e+002, -1.38325565369e+004
+8.91252175000e+005, +4.05548462627e+002, -1.38129240599e+004
+8.92502150000e+005, +4.04271616347e+002, -1.37944399667e+004
+8.93752125000e+005, +4.02934881972e+002, -1.37755981475e+004
+8.95002100000e+005, +4.03754902015e+002, -1.37565195441e+004
+8.96252075000e+005, +4.03005247496e+002, -1.37376361220e+004
+8.97502050000e+005, +4.02677107924e+002, -1.37187646088e+004
+8.98752025000e+005, +4.01557042771e+002, -1.36999214197e+004
+9.00002000000e+005, +4.00690018464e+002, -1.36813814921e+004
+9.01251975000e+005, +4.00840330954e+002, -1.36626352022e+004
+9.02501950000e+005, +4.00181867730e+002, -1.36441956167e+004
+9.03751925000e+005, +4.00260986480e+002, -1.36256423383e+004
+9.05001900000e+005, +3.99290152876e+002, -1.36073954498e+004
+9.06251875000e+005, +3.98679372087e+002, -1.35885605440e+004
+9.07501850000e+005, +3.98178447164e+002, -1.35703690862e+004
+9.08751825000e+005, +3.97692987441e+002, -1.35529070276e+004
+9.10001800000e+005, +3.97016749749e+002, -1.35349398949e+004
+9.11251775000e+005, +3.97344952094e+002, -1.35156013403e+004
+9.12501750000e+005, +3.96001871691e+002, -1.34973180505e+004
+9.13751725000e+005, +3.95709828025e+002, -1.34793785064e+004
+9.15001700000e+005, +3.95959338670e+002, -1.34613164113e+004
+9.16251675000e+005, +3.95554075133e+002, -1.34430315990e+004
+9.17501650000e+005, +3.93977113005e+002, -1.34257497157e+004
+9.18751625000e+005, +3.94401336549e+002, -1.34083909310e+004
+9.20001600000e+005, +3.93100779884e+002, -1.33894230979e+004
+9.21251575000e+005, +3.93066849932e+002, -1.33712839017e+004
+9.22501550000e+005, +3.92326635946e+002, -1.33543995203e+004
+9.23751525000e+005, +3.92092325973e+002, -1.33368513597e+004
+9.25001500000e+005, +3.91723919003e+002, -1.33195226610e+004
+9.26251475000e+005, +3.91289654070e+002, -1.33014257735e+004
+9.27501450000e+005, +3.90339689052e+002, -1.32844254662e+004
+9.28751425000e+005, +3.90210886006e+002, -1.32665325191e+004
+9.30001400000e+005, +3.89376677553e+002, -1.32489701357e+004
+9.31251375000e+005, +3.89075467319e+002, -1.32312581991e+004
+9.32501350000e+005, +3.88798622381e+002, -1.32135425438e+004
+9.33751325000e+005, +3.88152225521e+002, -1.31963156291e+004
+9.35001300000e+005, +3.87538894863e+002, -1.31795720957e+004
+9.36251275000e+005, +3.86994003085e+002, -1.31618828955e+004
+9.37501250000e+005, +3.86974066525e+002, -1.31447816789e+004
+9.38751225000e+005, +3.85725193388e+002, -1.31275907343e+004
+9.40001200000e+005, +3.86278766516e+002, -1.31106769382e+004
+9.41251175000e+005, +3.85428164160e+002, -1.30932141678e+004
+9.42501150000e+005, +3.85053470059e+002, -1.30761129840e+004
+9.43751125000e+005, +3.84024275278e+002, -1.30595394615e+004
+9.45001100000e+005, +3.83732534237e+002, -1.30422495854e+004
+9.46251075000e+005, +3.82961155396e+002, -1.30257117484e+004
+9.47501050000e+005, +3.82931289073e+002, -1.30082579208e+004
+9.48751025000e+005, +3.82916786343e+002, -1.29917693900e+004
+9.50001000000e+005, +3.81786349214e+002, -1.29752576941e+004
+9.51250975000e+005, +3.81532843637e+002, -1.29579656689e+004
+9.52500950000e+005, +3.80680982178e+002, -1.29417309910e+004
+9.53750925000e+005, +3.80207699784e+002, -1.29252089312e+004
+9.55000900000e+005, +3.79973703145e+002, -1.29080138822e+004
+9.56250875000e+005, +3.79304793056e+002, -1.28918043241e+004
+9.57500850000e+005, +3.79154455818e+002, -1.28752515301e+004
+9.58750825000e+005, +3.78282673247e+002, -1.28593310784e+004
+9.60000800000e+005, +3.78886915079e+002, -1.28422819892e+004
+9.61250775000e+005, +3.77667324603e+002, -1.28265731935e+004
+9.62500750000e+005, +3.77362450096e+002, -1.28100820306e+004
+9.63750725000e+005, +3.76733798753e+002, -1.27939860612e+004
+9.65000700000e+005, +3.76303094094e+002, -1.27771642658e+004
+9.66250675000e+005, +3.75195204998e+002, -1.27608238551e+004
+9.67500650000e+005, +3.75519309347e+002, -1.27450313025e+004
+9.68750625000e+005, +3.74670114559e+002, -1.27289512310e+004
+9.70000600000e+005, +3.74366300535e+002, -1.27121863067e+004
+9.71250575000e+005, +3.74466614348e+002, -1.26968512586e+004
+9.72500550000e+005, +3.73946756280e+002, -1.26805005400e+004
+9.73750525000e+005, +3.73127345253e+002, -1.26654929865e+004
+9.75000500000e+005, +3.72580069834e+002, -1.26485880375e+004
+9.76250475000e+005, +3.72703440410e+002, -1.26332738690e+004
+9.77500450000e+005, +3.71870783432e+002, -1.26174599561e+004
+9.78750425000e+005, +3.71985861231e+002, -1.26005019874e+004
+9.80000400000e+005, +3.70706346193e+002, -1.25854212782e+004
+9.81250375000e+005, +3.70639724613e+002, -1.25698489934e+004
+9.82500350000e+005, +3.70197563332e+002, -1.25541123384e+004
+9.83750325000e+005, +3.70590228700e+002, -1.25382135330e+004
+9.85000300000e+005, +3.69619438870e+002, -1.25231706549e+004
+9.86250275000e+005, +3.68674463679e+002, -1.25068043032e+004
+9.87500250000e+005, +3.67915978123e+002, -1.24920248053e+004
+9.88750225000e+005, +3.68141198798e+002, -1.24764888257e+004
+9.90000200000e+005, +3.67135633451e+002, -1.24605606598e+004
+9.91250175000e+005, +3.67271017865e+002, -1.24453834383e+004
+9.92500150000e+005, +3.66937688322e+002, -1.24296472307e+004
+9.93750125000e+005, +3.65817164711e+002, -1.24144087940e+004
+9.95000100000e+005, +3.65987318824e+002, -1.23993238683e+004
+9.96250075000e+005, +3.65233787288e+002, -1.23833447218e+004
+9.97500050000e+005, +3.65098263226e+002, -1.23687890074e+004
+9.98750025000e+005, +3.64689743747e+002, -1.23535123739e+004
+1.00000000000e+006, +3.64427035572e+002, -1.23385401410e+004
END
